{
    "0": {
        "precision": 0.993245826430483,
        "recall": 0.9855842185128983,
        "f1-score": 0.989400190415741,
        "support": 7908.0
    },
    "1": {
        "precision": 0.9871084473594934,
        "recall": 0.9939649282623548,
        "f1-score": 0.9905248226950355,
        "support": 8782.0
    },
    "accuracy": 0.9899940083882565,
    "macro avg": {
        "precision": 0.9901771368949882,
        "recall": 0.9897745733876266,
        "f1-score": 0.9899625065553883,
        "support": 16690.0
    },
    "weighted avg": {
        "precision": 0.9900164397916913,
        "recall": 0.9899940083882565,
        "f1-score": 0.989991953188465,
        "support": 16690.0
    }
}