{
    "0": {
        "precision": 0.9905708460754332,
        "recall": 0.9830551340414769,
        "f1-score": 0.9867986798679867,
        "support": 7908.0
    },
    "1": {
        "precision": 0.9848450576792581,
        "recall": 0.9915736734229105,
        "f1-score": 0.988197911938266,
        "support": 8782.0
    },
    "accuracy": 0.9875374475733972,
    "macro avg": {
        "precision": 0.9877079518773457,
        "recall": 0.9873144037321937,
        "f1-score": 0.9874982959031264,
        "support": 16690.0
    },
    "weighted avg": {
        "precision": 0.9875580315939947,
        "recall": 0.9875374475733972,
        "f1-score": 0.987534932476806,
        "support": 16690.0
    }
}